time,value
2000-01-01 00:00:00.000 +0200,50.0
2000-01-01 01:00:00.000 +0200,53.1426645022241
2000-01-01 02:00:00.000 +0200,56.27290150901481
2000-01-01 03:00:00.000 +0200,59.378332668791856
2000-01-01 04:00:00.000 +0200,62.44667772334458
2000-01-01 05:00:00.000 +0200,65.46580306944345
2000-01-01 06:00:00.000 +0200,68.4237697405125
2000-01-01 07:00:00.000 +0200,71.30888061862176
2000-01-01 08:00:00.000 +0200,74.10972669010238
2000-01-01 09:00:00.000 +0200,76.81523216186912
2000-01-01 10:00:00.000 +0200,79.41469826004025
2000-01-01 11:00:00.000 +0200,81.8978455376556
2000-01-01 12:00:00.000 +0200,84.25485452418904
2000-01-01 13:00:00.000 +0200,86.47640455610943
2000-01-01 14:00:00.000 +0200,88.55371063493624
2000-01-01 15:00:00.000 +0200,90.4785581670372
2000-01-01 16:00:00.000 +0200,92.24333544779088
2000-01-01 17:00:00.000 +0200,93.84106376165768
2000-01-01 18:00:00.000 +0200,95.26542497912985
2000-01-01 19:00:00.000 +0200,96.51078654143022
2000-01-01 20:00:00.000 +0200,97.57222373415884
2000-01-01 21:00:00.000 +0200,98.44553916180747
2000-01-01 22:00:00.000 +0200,99.1272793461314
2000-01-01 23:00:00.000 +0200,99.61474838274069
2000-01-02 00:00:00.000 +0200,99.9060186019073
2000-01-02 01:00:00.000 +0200,99.99993819142988
2000-01-02 02:00:00.000 +0200,99.89613575141216
2000-01-02 03:00:00.000 +0200,99.59502176294384
2000-01-02 04:00:00.000 +0200,99.09778696487534
2000-01-02 05:00:00.000 +0200,98.40639764510595
2000-01-02 06:00:00.000 +0200,97.5235878650056
2000-01-02 07:00:00.000 +0200,96.45284864771814
2000-01-02 08:00:00.000 +0200,95.1984141731008
2000-01-02 09:00:00.000 +0200,93.76524503389064
2000-01-02 10:00:00.000 +0200,92.15900861931112
2000-01-02 11:00:00.000 +0200,90.38605670369036
2000-01-02 12:00:00.000 +0200,88.45340032871583
2000-01-02 13:00:00.000 +0200,86.36868207865245
2000-01-02 14:00:00.000 +0200,84.14014585815946
2000-01-02 15:00:00.000 +0200,81.7766042922192
2000-01-02 16:00:00.000 +0200,79.28740387709196
2000-01-02 17:00:00.000 +0200,76.68238802010612
2000-01-02 18:00:00.000 +0200,73.97185811444047
2000-01-02 19:00:00.000 +0200,71.16653280282672
2000-01-02 20:00:00.000 +0200,68.27750559126096
2000-01-02 21:00:00.000 +0200,65.31620098033919
2000-01-02 22:00:00.000 +0200,62.294329287692506
2000-01-02 23:00:00.000 +0200,59.22384034017463
2000-01-03 00:00:00.000 +0200,56.11687621892288
2000-01-03 01:00:00.000 +0200,52.985723244160496
2000-01-03 02:00:00.000 +0200,49.8427633896132
2000-01-03 03:00:00.000 +0200,46.70042531866898
2000-01-03 04:00:00.000 +0200,43.571135235906574
2000-01-03 05:00:00.000 +0200,40.46726774834678
2000-01-03 06:00:00.000 +0200,37.40109693074376
2000-01-03 07:00:00.000 +0200,34.38474778842552
2000-01-03 08:00:00.000 +0200,31.430148309621604
2000-01-03 09:00:00.000 +0200,28.54898229688369
2000-01-03 10:00:00.000 +0200,25.752643164125622
2000-01-03 11:00:00.000 +0200,23.05218888198918
2000-01-03 12:00:00.000 +0200,20.45829824970212
2000-01-03 13:00:00.000 +0200,17.9812286663487
2000-01-03 14:00:00.000 +0200,15.630775568544491
2000-01-03 15:00:00.000 +0200,13.41623369491608
2000-01-03 16:00:00.000 +0200,11.34636033056412
2000-01-03 17:00:00.000 +0200,9.429340676856729
2000-01-03 18:00:00.000 +0200,7.672755483496979
2000-01-03 19:00:00.000 +0200,6.083551070861587
2000-01-03 20:00:00.000 +0200,4.668011861155547
2000-01-03 21:00:00.000 +0200,3.4317355270072847
2000-01-03 22:00:00.000 +0200,2.3796108557774365
2000-01-03 23:00:00.000 +0200,1.5157984171156158
2000-01-04 00:00:00.000 +0200,0.8437141102147827
2000-01-04 01:00:00.000 +0200,0.3660156558239924
2000-01-04 02:00:00.000 +0200,0.0845920864365856
2000-01-04 03:00:00.000 +0200,0.0005562762142974
2000-01-04 04:00:00.000 +0200,0.1142405401869273
2000-01-04 05:00:00.000 +0200,0.4251953201307668
2000-01-04 06:00:00.000 +0200,0.9321909623220216
2000-01-04 07:00:00.000 +0200,1.6332225801354794
2000-01-04 08:00:00.000 +0200,2.525517982259334
2000-01-04 09:00:00.000 +0200,3.605548635174532
2000-01-04 10:00:00.000 +0200,4.869043616548296
2000-01-04 11:00:00.000 +0200,6.311006504363576
2000-01-04 12:00:00.000 +0200,7.9257351349975025
2000-01-04 13:00:00.000 +0200,9.706844152116515
2000-01-04 14:00:00.000 +0200,11.64729025722005
2000-01-04 15:00:00.000 +0200,13.73940006198014
2000-01-04 16:00:00.000 +0200,15.974900432237376
2000-01-04 17:00:00.000 +0200,18.344951203658923
2000-01-04 18:00:00.000 +0200,20.84018013968631
2000-01-04 19:00:00.000 +0200,23.45071999353398
2000-01-04 20:00:00.000 +0200,26.16624752767864
2000-01-04 21:00:00.000 +0200,28.97602433653924
2000-01-04 22:00:00.000 +0200,31.868939310916637
2000-01-04 23:00:00.000 +0200,34.83355257626868
2000-01-05 00:00:00.000 +0200,37.85814073107059
2000-01-05 01:00:00.000 +0200,40.93074320636742
2000-01-05 02:00:00.000 +0200,44.03920956319133
2000-01-05 03:00:00.000 +0200,47.17124754081036
2000-01-05 04:00:00.000 +0200,50.31447166580335
2000-01-05 05:00:00.000 +0200,53.45645222973921
2000-01-05 06:00:00.000 +0200,56.584764441781154
2000-01-05 07:00:00.000 +0200,59.68703756184488
2000-01-05 08:00:00.000 +0200,62.75100382001551
2000-01-05 09:00:00.000 +0200,65.76454692877509
2000-01-05 10:00:00.000 +0200,68.71574999620094
2000-01-05 11:00:00.000 +0200,71.59294265066488
2000-01-05 12:00:00.000 +0200,74.3847471906817
2000-01-05 13:00:00.000 +0200,77.08012357740948
2000-01-05 14:00:00.000 +0200,79.66841309188102
2000-01-05 15:00:00.000 +0200,82.13938048432696
2000-01-05 16:00:00.000 +0200,84.48325444891309
2000-01-05 17:00:00.000 +0200,86.69076626383638
2000-01-05 18:00:00.000 +0200,88.75318644398007
2000-01-05 19:00:00.000 +0200,90.66235926118664
2000-01-05 20:00:00.000 +0200,92.41073499564013
2000-01-05 21:00:00.000 +0200,93.99139979082145
2000-01-05 22:00:00.000 +0200,95.3981029939773
2000-01-05 23:00:00.000 +0200,96.62528187398536
2000-01-06 00:00:00.000 +0200,97.66808361887146
2000-01-06 01:00:00.000 +0200,98.52238452598984
2000-01-06 02:00:00.000 +0200,99.18480630898053
2000-01-06 03:00:00.000 +0200,99.65272945701838
2000-01-06 04:00:00.000 +0200,99.92430359352612
2000-01-06 05:00:00.000 +0200,99.99845479338734
2000-01-06 06:00:00.000 +0200,99.874889829725
2000-01-06 07:00:00.000 +0200,99.55409733345095
2000-01-06 08:00:00.000 +0200,99.037345861002
2000-01-06 09:00:00.000 +0200,98.32667887790208
2000-01-06 10:00:00.000 +0200,97.4249066779898
2000-01-06 11:00:00.000 +0200,96.33559527026428
2000-01-06 12:00:00.000 +0200,95.06305227729725
2000-01-06 13:00:00.000 +0200,93.61230990097432
2000-01-06 14:00:00.000 +0200,91.98910502292702
2000-01-06 15:00:00.000 +0200,90.199856518347
2000-01-06 16:00:00.000 +0200,88.2516398728945
2000-01-06 17:00:00.000 +0200,86.15215920307551
2000-01-06 18:00:00.000 +0200,83.90971679073328
2000-01-06 19:00:00.000 +0200,81.53318025212786
2000-01-06 20:00:00.000 +0200,79.03194747143034
2000-01-06 21:00:00.000 +0200,76.41590943730255
2000-01-06 22:00:00.000 +0200,73.69541112952218
2000-01-06 23:00:00.000 +0200,70.88121061032335
2000-01-07 00:00:00.000 +0200,67.98443648222676
2000-01-07 01:00:00.000 +0200,65.01654388058755
2000-01-07 02:00:00.000 +0200,61.98926917488681
2000-01-07 03:00:00.000 +0200,58.91458355789878
2000-01-07 04:00:00.000 +0200,55.80464570626156
2000-01-07 05:00:00.000 +0200,52.67175369965289
2000-01-07 06:00:00.000 +0200,49.52829638870515
2000-01-07 07:00:00.000 +0200,46.386704403970704
2000-01-07 08:00:00.000 +0200,43.25940099967081
2000-01-07 09:00:00.000 +0200,40.15875292661472
2000-01-07 10:00:00.000 +0200,37.09702152855746
2000-01-07 11:00:00.000 +0200,34.0863142553846
2000-01-07 12:00:00.000 +0200,31.138536784861508
2000-01-07 13:00:00.000 +0200,28.2653459422802
2000-01-07 14:00:00.000 +0200,25.47810360417901
2000-01-07 15:00:00.000 +0200,22.787831768421064
2000-01-07 16:00:00.000 +0200,20.205168968305102
2000-01-07 17:00:00.000 +0200,17.74032820306537
2000-01-07 18:00:00.000 +0200,15.4030565511227
2000-01-07 19:00:00.000 +0200,13.202596625794822
2000-01-07 20:00:00.000 +0200,11.147650025885603
2000-01-07 21:00:00.000 +0200,9.246342925686852
2000-01-07 22:00:00.000 +0200,7.506193940465683
2000-01-07 23:00:00.000 +0200,5.934084394509687
2000-01-08 00:00:00.000 +0200,4.536231109305561
2000-01-08 01:00:00.000 +0200,3.318161819457699
2000-01-08 02:00:00.000 +0200,2.284693313562575
2000-01-08 03:00:00.000 +0200,1.439912386481168
2000-01-08 04:00:00.000 +0200,0.7871596783315726
2000-01-08 05:00:00.000 +0200,0.3290164641094772
2000-01-08 06:00:00.000 +0200,0.0672944461771685
2000-01-08 07:00:00.000 +0200,0.0030285899853099
2000-01-08 08:00:00.000 +0200,0.1364730313583639
2000-01-08 09:00:00.000 +0200,0.4671000715284201
2000-01-08 10:00:00.000 +0200,0.993602263891158
2000-01-08 11:00:00.000 +0200,1.71389758423226
2000-01-08 12:00:00.000 +0200,2.625137663978483
2000-01-08 13:00:00.000 +0200,3.723719053916086
2000-01-08 14:00:00.000 +0200,5.005297473834092
2000-01-08 15:00:00.000 +0200,6.4648049917435895
2000-01-08 16:00:00.000 +0200,8.096470064738693
2000-01-08 17:00:00.000 +0200,9.893840362247792
2000-01-08 18:00:00.000 +0200,11.849808281423568
2000-01-08 19:00:00.000 +0200,13.956639053770758
2000-01-08 20:00:00.000 +0200,16.20600133186602
2000-01-08 21:00:00.000 +0200,18.58900013521781
2000-01-08 22:00:00.000 +0200,21.09621202498148
2000-01-08 23:00:00.000 +0200,23.71772236843393
2000-01-09 00:00:00.000 +0200,26.44316454584901
2000-01-09 01:00:00.000 +0200,29.26176094472965
2000-01-09 02:00:00.000 +0200,32.16236557928836
2000-01-09 03:00:00.000 +0200,35.13350816664136
2000-01-09 04:00:00.000 +0200,38.163439485416006
2000-01-09 05:00:00.000 +0200,41.24017783740649
2000-01-09 06:00:00.000 +0200,44.35155642854632
2000-01-09 07:00:00.000 +0200,47.48527148183168
2000-01-09 08:00:00.000 +0200,50.62893089193699
2000-01-09 09:00:00.000 +0200,53.77010322912004
2000-01-09 10:00:00.000 +0200,56.89636689863266
2000-01-09 11:00:00.000 +0200,59.995359261240246
2000-01-09 12:00:00.000 +0200,63.05482552060436
2000-01-09 13:00:00.000 +0200,66.06266718420716
2000-01-09 14:00:00.000 +0200,69.00698990617984
2000-01-09 15:00:00.000 +0200,71.87615052284517
2000-01-09 16:00:00.000 +0200,74.65880309497368
2000-01-09 17:00:00.000 +0200,77.34394377468136
2000-01-09 18:00:00.000 +0200,79.92095431954628
2000-01-09 19:00:00.000 +0200,82.37964408186966
2000-01-09 20:00:00.000 +0200,84.71029030703612
2000-01-09 21:00:00.000 +0200,86.9036765816169
2000-01-09 22:00:00.000 +0200,88.9511292791746
2000-01-09 23:00:00.000 +0200,90.84455185964526
2000-01-10 00:00:00.000 +0200,92.57645688666553
2000-01-10 01:00:00.000 +0200,94.139995636231
2000-01-10 02:00:00.000 +0200,95.52898517960176
2000-01-10 03:00:00.000 +0200,96.73793283335752
2000-01-10 04:00:00.000 +0200,97.76205787991437
2000-01-10 05:00:00.000 +0200,98.59731047261168
2000-01-10 06:00:00.000 +0200,99.2403876506104
2000-01-10 07:00:00.000 +0200,99.6887464002712
2000-01-10 08:00:00.000 +0200,99.94061371136348
2000-01-10 09:00:00.000 +0200,99.99499358833744
2000-01-10 10:00:00.000 +0200,99.8516709889345
2000-01-10 11:00:00.000 +0200,99.51121267455991
2000-01-10 12:00:00.000 +0200,98.97496496905585
2000-01-10 13:00:00.000 +0200,98.24504843473696
2000-01-10 14:00:00.000 +0200,97.32434948674263
2000-01-10 15:00:00.000 +0200,96.21650897886543
2000-01-10 16:00:00.000 +0200,94.92590780599338
2000-01-10 17:00:00.000 +0200,93.45764958009994
2000-01-10 18:00:00.000 +0200,91.81754044828884
2000-01-10 19:00:00.000 +0200,90.01206613270163
2000-01-10 20:00:00.000 +0200,88.0483662830834
2000-01-10 21:00:00.000 +0200,85.93420624342696
2000-01-10 22:00:00.000 +0200,83.67794634434331
2000-01-10 23:00:00.000 +0200,81.2885088425903
2000-01-11 00:00:00.000 +0200,78.77534263849455
2000-01-11 01:00:00.000 +0200,76.14838591079017
2000-01-11 02:00:00.000 +0200,73.41802681663304
2000-01-11 03:00:00.000 +0200,70.59506241219971
2000-01-11 04:00:00.000 +0200,67.6906559563169
2000-01-11 05:00:00.000 +0200,64.71629276596411
2000-01-11 06:00:00.000 +0200,61.68373479821271
2000-01-11 07:00:00.000 +0200,58.60497413820842
2000-01-11 08:00:00.000 +0200,55.49218557712503
2000-01-11 09:00:00.000 +0200,52.35767846761538
2000-01-11 10:00:00.000 +0200,49.21384804714793
2000-01-11 11:00:00.000 +0200,46.07312642171656
2000-01-11 12:00:00.000 +0200,42.94793340375405
2000-01-11 13:00:00.000 +0200,39.85062739866192
2000-01-11 14:00:00.000 +0200,36.793456534169735
2000-01-11 15:00:00.000 +0200,33.78851022578139
2000-01-11 16:00:00.000 +0200,30.847671369841688
2000-01-11 17:00:00.000 +0200,27.98256935326909
2000-01-11 18:00:00.000 +0200,25.20453406578056
2000-01-11 19:00:00.000 +0200,22.52455109645971
2000-01-11 20:00:00.000 +0200,19.95321829184398
2000-01-11 21:00:00.000 +0200,17.500703847317634
2000-01-11 22:00:00.000 +0200,15.176706097538982
2000-01-11 23:00:00.000 +0200,12.990415164902869
2000-01-12 00:00:00.000 +0200,10.950476617704153
2000-01-12 01:00:00.000 +0200,9.064957281708608
2000-01-12 02:00:00.000 +0200,7.341313340330357
2000-01-12 03:00:00.000 +0200,5.786360849561106
2000-01-12 04:00:00.000 +0200,4.406248784248367
2000-01-12 05:00:00.000 +0200,3.206434722309432
2000-01-12 06:00:00.000 +0200,2.1916632630374187
2000-01-12 07:00:00.000 +0200,1.365947264841999
2000-01-12 08:00:00.000 +0200,0.7325519766191779
2000-01-12 09:00:00.000 +0200,0.293982125503045
2000-01-12 10:00:00.000 +0200,0.051972012058632
2000-01-12 11:00:00.000 +0200,0.007478652084969
2000-01-12 12:00:00.000 +0200,0.1606779921482948
2000-01-12 13:00:00.000 +0200,0.5109642138108272
2000-01-12 14:00:00.000 +0200,1.056952129306915
2000-01-12 15:00:00.000 +0200,1.796482659192461
2000-01-12 16:00:00.000 +0200,2.726631370306776
2000-01-12 17:00:00.000 +0200,3.84372004028441
2000-01-12 18:00:00.000 +0200,5.1433312028843385
2000-01-12 19:00:00.000 +0200,6.620325616619905
2000-01-12 20:00:00.000 +0200,8.268862587609105
2000-01-12 21:00:00.000 +0200,10.082423066279684
2000-01-12 22:00:00.000 +0200,12.05383542659555
2000-01-12 23:00:00.000 +0200,14.175303825860858
2000-01-13 00:00:00.000 +0200,16.438439032954903
2000-01-13 01:00:00.000 +0200,18.83429160308909
2000-01-13 02:00:00.000 +0200,21.35338726789896
2000-01-13 03:00:00.000 +0200,23.985764400921024
2000-01-13 04:00:00.000 +0200,26.72101341030213
2000-01-13 05:00:00.000 +0200,29.54831790296272
2000-01-13 06:00:00.000 +0200,32.45649745743351
2000-01-13 07:00:00.000 +0200,35.43405183622254
2000-01-13 08:00:00.000 +0200,38.46920646287791
2000-01-13 09:00:00.000 +0200,41.54995898390767
2000-01-13 10:00:00.000 +0200,44.66412673143203
2000-01-13 11:00:00.000 +0200,47.79939489888091
2000-01-13 12:00:00.000 +0200,50.94336523922338
2000-01-13 13:00:00.000 +0200,54.0836050931602
2000-01-13 14:00:00.000 +0200,57.20769655339781
2000-01-13 15:00:00.000 +0200,60.303285570584734
2000-01-13 16:00:00.000 +0200,63.35813080672602
2000-01-13 17:00:00.000 +0200,66.36015204288856
2000-01-13 18:00:00.000 +0200,69.29747794976645
2000-01-13 19:00:00.000 +0200,72.15849303220618
2000-01-13 20:00:00.000 +0200,74.93188356204963
2000-01-13 21:00:00.000 +0200,77.60668231765358
2000-01-13 22:00:00.000 +0200,80.17231195317125
2000-01-13 23:00:00.000 +0200,82.61862682608951
2000-01-14 00:00:00.000 +0200,84.93595311761837
2000-01-14 01:00:00.000 +0200,87.11512708728037
2000-01-14 02:00:00.000 +0200,89.14753131042319
2000-01-14 03:00:00.000 +0200,91.02512875535442
2000-01-14 04:00:00.000 +0200,92.74049456534624
2000-01-14 05:00:00.000 +0200,94.28684541982643
2000-01-14 06:00:00.000 +0200,95.65806635864917
2000-01-14 07:00:00.000 +0200,96.84873496337192
2000-01-14 08:00:00.000 +0200,97.85414279991356
2000-01-14 09:00:00.000 +0200,98.67031403780015
2000-01-14 10:00:00.000 +0200,99.29402117236975
2000-01-14 11:00:00.000 +0200,99.72279778776388
2000-01-14 12:00:00.000 +0200,99.95494831023407
2000-01-14 13:00:00.000 +0200,99.98955471319633
2000-01-14 14:00:00.000 +0200,99.82648014751685
2000-01-14 15:00:00.000 +0200,99.46636948267466
2000-01-14 16:00:00.000 +0200,98.91064675666044
2000-01-14 17:00:00.000 +0200,98.16150954469566
2000-01-14 18:00:00.000 +0200,97.2219202690414
2000-01-14 19:00:00.000 +0200,96.09559448426126
2000-01-14 20:00:00.000 +0200,94.78698618426276
2000-01-14 21:00:00.000 +0200,93.30127018922192
2000-01-14 22:00:00.000 +0200,91.64432168203876
2000-01-14 23:00:00.000 +0200,89.82269297524641
2000-01-15 00:00:00.000 +0200,87.84358760024953
2000-01-15 01:00:00.000 +0200,85.71483182135108
2000-01-15 02:00:00.000 +0200,83.444843687217
2000-01-15 03:00:00.000 +0200,81.04259974216218
2000-01-15 04:00:00.000 +0200,78.51759952889519
2000-01-15 05:00:00.000 +0200,75.87982802309388
2000-01-15 06:00:00.000 +0200,73.13971614836487
2000-01-15 07:00:00.000 +0200,70.30809952772368
2000-01-15 08:00:00.000 +0200,67.39617563471424
2000-01-15 09:00:00.000 +0200,64.41545951361111
2000-01-15 10:00:00.000 +0200,61.37773824380412
2000-01-15 11:00:00.000 +0200,58.29502432843563
2000-01-15 12:00:00.000 +0200,55.1795081916119
2000-01-15 13:00:00.000 +0200,52.04350997203567
2000-01-15 14:00:00.000 +0200,48.89943080368868
2000-01-15 15:00:00.000 +0200,45.759703776224754
2000-01-15 16:00:00.000 +0200,42.63674476899296
2000-01-15 17:00:00.000 +0200,39.54290335312161
2000-01-15 18:00:00.000 +0200,36.49041395581085
2000-01-15 19:00:00.000 +0200,33.49134747995826
2000-01-15 20:00:00.000 +0200,30.55756357043069
2000-01-15 21:00:00.000 +0200,27.70066371574609
2000-01-15 22:00:00.000 +0200,24.93194537061973
2000-01-15 23:00:00.000 +0200,22.26235728079415
2000-01-16 00:00:00.000 +0200,19.702456186822715
2000-01-16 01:00:00.000 +0200,17.262365078013342
2000-01-16 02:00:00.000 +0200,14.951733161620195
2000-01-16 03:00:00.000 +0200,12.77969770557909
2000-01-16 04:00:00.000 +0200,10.7548479056798
2000-01-16 05:00:00.000 +0200,8.885190920059532
2000-01-16 06:00:00.000 +0200,7.178120205332794
2000-01-16 07:00:00.000 +0200,5.64038627956987
2000-01-16 08:00:00.000 +0200,4.278070027741693
2000-01-16 09:00:00.000 +0200,3.096558655191739
2000-01-16 10:00:00.000 +0200,2.100524384225566
2000-01-16 11:00:00.000 +0200,1.2939059780631923
2000-01-16 12:00:00.000 +0200,0.6798931652143014
2000-01-16 13:00:00.000 +0200,0.260914025870762
2000-01-16 14:00:00.000 +0200,0.0386253901960176
2000-01-16 15:00:00.000 +0200,0.0139062864805528
2000-01-16 16:00:00.000 +0200,0.1868544650722781
2000-01-16 17:00:00.000 +0200,0.5567860118282142
2000-01-16 18:00:00.000 +0200,1.1222380526156428
2000-01-16 19:00:00.000 +0200,1.8809745381683172
2000-01-16 20:00:00.000 +0200,2.8299950864209498
2000-01-16 21:00:00.000 +0200,3.965546847356805
2000-01-16 22:00:00.000 +0200,5.283139343448607
2000-01-16 23:00:00.000 +0200,6.777562227006728
2000-01-17 00:00:00.000 +0200,8.442905884215197
2000-01-17 01:00:00.000 +0200,10.272584804377804
2000-01-17 02:00:00.000 +0200,12.259363621960055
2000-01-17 03:00:00.000 +0200,14.395385728448629
2000-01-17 04:00:00.000 +0200,16.67220434088132
2000-01-17 05:00:00.000 +0200,19.08081590418917
2000-01-17 06:00:00.000 +0200,21.611695695264565
2000-01-17 07:00:00.000 +0200,24.25483548795934
2000-01-17 08:00:00.000 +0200,26.99978313006944
2000-01-17 09:00:00.000 +0200,29.835683875800797
2000-01-17 10:00:00.000 +0200,32.75132331027035
2000-01-17 11:00:00.000 +0200,35.735171696297584
2000-01-17 12:00:00.000 +0200,38.7754295681213
2000-01-17 13:00:00.000 +0200,41.86007439174524
2000-01-17 14:00:00.000 +0200,44.97690810739158
2000-01-17 15:00:00.000 +0200,48.11360536606397
2000-01-17 16:00:00.000 +0200,51.25776226946864
2000-01-17 17:00:00.000 +0200,54.39694542055312
2000-01-17 18:00:00.000 +0200,57.51874109069674
2000-01-17 19:00:00.000 +0200,60.610804309125335
2000-01-17 20:00:00.000 +0200,63.660907680423264
2000-01-17 21:00:00.000 +0200,66.6569897371027
2000-01-17 22:00:00.000 +0200,69.58720263601988
2000-01-17 23:00:00.000 +0200,72.43995901002314
2000-01-18 00:00:00.000 +0200,75.20397778956614
2000-01-18 01:00:00.000 +0200,77.86832881308203
2000-01-18 02:00:00.000 +0200,80.4224760497108
2000-01-18 03:00:00.000 +0200,82.85631926345927
2000-01-18 04:00:00.000 +0200,85.1602339540342
2000-01-18 05:00:00.000 +0200,87.32510941640263
2000-01-18 06:00:00.000 +0200,89.34238476857944
2000-01-18 07:00:00.000 +0200,91.20408280516816
2000-01-18 08:00:00.000 +0200,92.90284154278434
2000-01-18 09:00:00.000 +0200,94.43194333261778
2000-01-18 10:00:00.000 +0200,95.78534142500844
2000-01-18 11:00:00.000 +0200,96.9576838809884
2000-01-18 12:00:00.000 +0200,97.94433473623243
2000-01-18 13:00:00.000 +0200,98.7413923337267
2000-01-18 14:00:00.000 +0200,99.34570475265798
2000-01-18 15:00:00.000 +0200,99.75488227251329
2000-01-18 16:00:00.000 +0200,99.96730682309904
2000-01-18 17:00:00.000 +0200,99.9821383831115
2000-01-18 18:00:00.000 +0200,99.79931830195522
2000-01-18 19:00:00.000 +0200,99.41956953167366
2000-01-18 20:00:00.000 +0200,98.8443937680746
2000-01-18 21:00:00.000 +0200,98.07606551235632
2000-01-18 22:00:00.000 +0200,97.11762307671596
2000-01-18 23:00:00.000 +0200,95.97285656951028
2000-01-19 00:00:00.000 +0200,94.6462929074785
2000-01-19 01:00:00.000 +0200,93.14317791429664
2000-01-19 02:00:00.000 +0200,91.4694555762541
2000-01-19 03:00:00.000 +0200,89.6317445370843
2000-01-19 04:00:00.000 +0200,87.63731192489779
2000-01-19 05:00:00.000 +0200,85.49404461472146
2000-01-19 06:00:00.000 +0200,83.21041804028084
2000-01-19 07:00:00.000 +0200,80.79546267835897
2000-01-19 08:00:00.000 +0200,78.2587283382696
2000-01-19 09:00:00.000 +0200,75.61024639765581
2000-01-19 10:00:00.000 +0200,72.86049013395403
2000-01-19 11:00:00.000 +0200,70.02033330839025
2000-01-19 12:00:00.000 +0200,67.10100716628347
2000-01-19 13:00:00.000 +0200,64.1140560236986
2000-01-19 14:00:00.000 +0200,61.071291616077936
2000-01-19 15:00:00.000 +0200,57.984746389377605
2000-01-19 16:00:00.000 +0200,54.86662591841524
2000-01-19 17:00:00.000 +0200,51.729260640590944
2000-01-19 18:00:00.000 +0200,48.58505709584415
2000-01-19 19:00:00.000 +0200,45.44644886566798
2000-01-19 20:00:00.000 +0200,42.32584740518919
2000-01-19 21:00:00.000 +0200,39.23559296274563
2000-01-19 22:00:00.000 +0200,36.1879057810464
2000-01-19 23:00:00.000 +0200,33.19483777288912
2000-01-20 00:00:00.000 +0200,30.26822486252802
2000-01-20 01:00:00.000 +0200,27.419640181155287
2000-01-20 02:00:00.000 +0200,24.660348301586392
2000-01-20 03:00:00.000 +0200,22.00126069312037
2000-01-20 04:00:00.000 +0200,19.45289257272897
2000-01-20 05:00:00.000 +0200,17.025321323205155
2000-01-20 06:00:00.000 +0200,14.728146642702406
2000-01-20 07:00:00.000 +0200,12.570452583250502
2000-01-20 08:00:00.000 +0200,10.560771628368444
2000-01-20 09:00:00.000 +0200,8.707050951822943
2000-01-20 10:00:00.000 +0200,7.01662099096273
2000-01-20 11:00:00.000 +0200,5.496166458904689
2000-01-20 12:00:00.000 +0200,4.15169991019938
2000-01-20 13:00:00.000 +0200,2.988537964512078
2000-01-20 14:00:00.000 +0200,2.0112802823405493
2000-01-20 15:00:00.000 +0200,1.223791375908101
2000-01-20 16:00:00.000 +0200,0.6291853271605585
2000-01-20 17:00:00.000 +0200,0.2298134732993673
2000-01-20 18:00:00.000 +0200,0.0272551085465255
2000-01-20 19:00:00.000 +0200,0.0223112389117985
2000-01-20 20:00:00.000 +0200,0.2150014146581114
2000-01-20 21:00:00.000 +0200,0.6045636529910969
2000-01-20 22:00:00.000 +0200,1.189457451278514
2000-01-20 23:00:00.000 +0200,1.967369878883945
2000-01-21 00:00:00.000 +0200,2.9352247235247875
2000-01-21 01:00:00.000 +0200,4.089194655986262
2000-01-21 02:00:00.000 +0200,5.424716365085769
2000-01-21 03:00:00.000 +0200,6.936508603038432
2000-01-21 04:00:00.000 +0200,8.618593069863422
2000-01-21 05:00:00.000 +0200,10.464318054245304
2000-01-21 06:00:00.000 +0200,12.466384737363672
2000-01-21 07:00:00.000 +0200,14.616876055674688
2000-01-21 08:00:00.000 +0200,16.907288008506654
2000-01-21 09:00:00.000 +0200,19.328563286666856
2000-01-21 10:00:00.000 +0200,21.871127089078108
2000-01-21 11:00:00.000 +0200,24.52492498580632
2000-01-21 12:00:00.000 +0200,27.279462677755973
2000-01-21 13:00:00.000 +0200,30.12384749580438
2000-01-21 14:00:00.000 +0200,33.046831475266295
2000-01-21 15:00:00.000 +0200,36.03685583535841
2000-01-21 16:00:00.000 +0200,39.08209668776767
2000-01-21 17:00:00.000 +0200,42.17051179357208
2000-01-21 18:00:00.000 +0200,45.2898881836185
2000-01-21 19:00:00.000 +0200,48.42789045404399
2000-01-21 20:00:00.000 +0200,51.57210954595607
2000-01-21 21:00:00.000 +0200,54.7101118163812
2000-01-21 22:00:00.000 +0200,57.82948820642781
2000-01-21 23:00:00.000 +0200,60.91790331223221
2000-01-22 00:00:00.000 +0200,63.96314416464149
2000-01-22 01:00:00.000 +0200,66.95316852473377
2000-01-22 02:00:00.000 +0200,69.87615250419567
2000-01-22 03:00:00.000 +0200,72.72053732224376
2000-01-22 04:00:00.000 +0200,75.47507501419358
2000-01-22 05:00:00.000 +0200,78.12887291092179
2000-01-22 06:00:00.000 +0200,80.6714367133332
2000-01-22 07:00:00.000 +0200,83.09271199149339
2000-01-22 08:00:00.000 +0200,85.3831239443251
2000-01-22 09:00:00.000 +0200,87.53361526263625
2000-01-22 10:00:00.000 +0200,89.53568194575462
2000-01-22 11:00:00.000 +0200,91.3814069301366
2000-01-22 12:00:00.000 +0200,93.06349139696152
2000-01-22 13:00:00.000 +0200,94.57528363491409
2000-01-22 14:00:00.000 +0200,95.91080534401368
2000-01-22 15:00:00.000 +0200,97.0647752764751
2000-01-22 16:00:00.000 +0200,98.03263012111596
2000-01-22 17:00:00.000 +0200,98.81054254872146
2000-01-22 18:00:00.000 +0200,99.39543634700892
2000-01-22 19:00:00.000 +0200,99.78499858534188
2000-01-22 20:00:00.000 +0200,99.9776887610882
2000-01-22 21:00:00.000 +0200,99.97274489145347
2000-01-22 22:00:00.000 +0200,99.77018652670064
2000-01-22 23:00:00.000 +0200,99.3708146728395
2000-01-23 00:00:00.000 +0200,98.77620862409196
2000-01-23 01:00:00.000 +0200,97.98871971765944
2000-01-23 02:00:00.000 +0200,97.01146203548797
2000-01-23 03:00:00.000 +0200,95.8483000898006
2000-01-23 04:00:00.000 +0200,94.50383354109528
2000-01-23 05:00:00.000 +0200,92.98337900903732
2000-01-23 06:00:00.000 +0200,91.29294904817714
2000-01-23 07:00:00.000 +0200,89.43922837163163
2000-01-23 08:00:00.000 +0200,87.42954741674968
2000-01-23 09:00:00.000 +0200,85.27185335729767
2000-01-23 10:00:00.000 +0200,82.97467867679494
2000-01-23 11:00:00.000 +0200,80.5471074272714
2000-01-23 12:00:00.000 +0200,77.99873930687959
2000-01-23 13:00:00.000 +0200,75.33965169841356
2000-01-23 14:00:00.000 +0200,72.58035981884483
2000-01-23 15:00:00.000 +0200,69.73177513747193
2000-01-23 16:00:00.000 +0200,66.80516222711084
2000-01-23 17:00:00.000 +0200,63.81209421895389
2000-01-23 18:00:00.000 +0200,60.7644070372545
2000-01-23 19:00:00.000 +0200,57.67415259481093
2000-01-23 20:00:00.000 +0200,54.55355113433231
2000-01-23 21:00:00.000 +0200,51.41494290415598
2000-01-23 22:00:00.000 +0200,48.27073935940936
2000-01-23 23:00:00.000 +0200,45.13337408158489
2000-01-24 00:00:00.000 +0200,42.015253610622345
2000-01-24 01:00:00.000 +0200,38.92870838392201
2000-01-24 02:00:00.000 +0200,35.88594397630152
2000-01-24 03:00:00.000 +0200,32.89899283371648
2000-01-24 04:00:00.000 +0200,29.979666691609864
2000-01-24 05:00:00.000 +0200,27.13950986604623
2000-01-24 06:00:00.000 +0200,24.38975360234429
2000-01-24 07:00:00.000 +0200,21.741271661730494
2000-01-24 08:00:00.000 +0200,19.20453732164126
2000-01-24 09:00:00.000 +0200,16.789581959719378
2000-01-24 10:00:00.000 +0200,14.505955385278495
2000-01-24 11:00:00.000 +0200,12.362688075102286
2000-01-24 12:00:00.000 +0200,10.36825546291566
2000-01-24 13:00:00.000 +0200,8.530544423745862
2000-01-24 14:00:00.000 +0200,6.856822085703524
2000-01-24 15:00:00.000 +0200,5.353707092521559
2000-01-24 16:00:00.000 +0200,4.027143430489772
2000-01-24 17:00:00.000 +0200,2.882376923284152
2000-01-24 18:00:00.000 +0200,1.9239344876437303
2000-01-24 19:00:00.000 +0200,1.15560623192541
2000-01-24 20:00:00.000 +0200,0.580430468326365
2000-01-24 21:00:00.000 +0200,0.2006816980447634
2000-01-24 22:00:00.000 +0200,0.0178616168884926
2000-01-24 23:00:00.000 +0200,0.0326931769009497
2000-01-25 00:00:00.000 +0200,0.2451177274867155
2000-01-25 01:00:00.000 +0200,0.6542952473419961
2000-01-25 02:00:00.000 +0200,1.2586076662732426
2000-01-25 03:00:00.000 +0200,2.055665263767509
2000-01-25 04:00:00.000 +0200,3.042316119011568
2000-01-25 05:00:00.000 +0200,4.214658574991431
2000-01-25 06:00:00.000 +0200,5.5680566673821765
2000-01-25 07:00:00.000 +0200,7.097158457215691
2000-01-25 08:00:00.000 +0200,8.795917194831764
2000-01-25 09:00:00.000 +0200,10.657615231420609
2000-01-25 10:00:00.000 +0200,12.674890583597415
2000-01-25 11:00:00.000 +0200,14.83976604596572
2000-01-25 12:00:00.000 +0200,17.143680736540638
2000-01-25 13:00:00.000 +0200,19.5775239502891
2000-01-25 14:00:00.000 +0200,22.13167118691772
2000-01-25 15:00:00.000 +0200,24.79602221043376
2000-01-25 16:00:00.000 +0200,27.56004098997675
2000-01-25 17:00:00.000 +0200,30.412797363979845
2000-01-25 18:00:00.000 +0200,33.34301026289735
2000-01-25 19:00:00.000 +0200,36.33909231957679
2000-01-25 20:00:00.000 +0200,39.389195690874544
2000-01-25 21:00:00.000 +0200,42.48125890930331
2000-01-25 22:00:00.000 +0200,45.60305457944693
2000-01-25 23:00:00.000 +0200,48.74223773053105
2000-01-26 00:00:00.000 +0200,51.88639463393591
2000-01-26 01:00:00.000 +0200,55.0230918926083
2000-01-26 02:00:00.000 +0200,58.13992560825447
2000-01-26 03:00:00.000 +0200,61.22457043187859
2000-01-26 04:00:00.000 +0200,64.2648283037023
2000-01-26 05:00:00.000 +0200,67.24867668972954
2000-01-26 06:00:00.000 +0200,70.16431612419926
2000-01-26 07:00:00.000 +0200,73.0002168699306
2000-01-26 08:00:00.000 +0200,75.74516451204055
2000-01-26 09:00:00.000 +0200,78.38830430473548
2000-01-26 10:00:00.000 +0200,80.91918409581073
2000-01-26 11:00:00.000 +0200,83.32779565911845
2000-01-26 12:00:00.000 +0200,85.60461427155128
2000-01-26 13:00:00.000 +0200,87.74063637803987
2000-01-26 14:00:00.000 +0200,89.72741519562202
2000-01-26 15:00:00.000 +0200,91.55709411578464
2000-01-26 16:00:00.000 +0200,93.2224377729933
2000-01-26 17:00:00.000 +0200,94.71686065655132
2000-01-26 18:00:00.000 +0200,96.03445315264322
2000-01-26 19:00:00.000 +0200,97.17000491357908
2000-01-26 20:00:00.000 +0200,98.11902546183164
2000-01-26 21:00:00.000 +0200,98.87776194738431
2000-01-26 22:00:00.000 +0200,99.44321398817178
2000-01-26 23:00:00.000 +0200,99.8131455349277
2000-01-27 00:00:00.000 +0200,99.98609371351944
2000-01-27 01:00:00.000 +0200,99.96137460980398
2000-01-27 02:00:00.000 +0200,99.73908597412928
2000-01-27 03:00:00.000 +0200,99.32010683478568
2000-01-27 04:00:00.000 +0200,98.7060940219368
2000-01-27 05:00:00.000 +0200,97.89947561577446
2000-01-27 06:00:00.000 +0200,96.90344134480824
2000-01-27 07:00:00.000 +0200,95.72192997225828
2000-01-27 08:00:00.000 +0200,94.35961372043027
2000-01-27 09:00:00.000 +0200,92.82187979466728
2000-01-27 10:00:00.000 +0200,91.11480907994054
2000-01-27 11:00:00.000 +0200,89.24515209432039
2000-01-27 12:00:00.000 +0200,87.22030229442099
2000-01-27 13:00:00.000 +0200,85.04826683838003
2000-01-27 14:00:00.000 +0200,82.73763492198675
2000-01-27 15:00:00.000 +0200,80.29754381317724
2000-01-27 16:00:00.000 +0200,77.73764271920581
2000-01-27 17:00:00.000 +0200,75.06805462938037
2000-01-27 18:00:00.000 +0200,72.29933628425371
2000-01-27 19:00:00.000 +0200,69.44243642956943
2000-01-27 20:00:00.000 +0200,66.50865252004202
2000-01-27 21:00:00.000 +0200,63.50958604418911
2000-01-27 22:00:00.000 +0200,60.4570966468785
2000-01-27 23:00:00.000 +0200,57.36325523100735
2000-01-28 00:00:00.000 +0200,54.24029622377555
2000-01-28 01:00:00.000 +0200,51.10056919631126
2000-01-28 02:00:00.000 +0200,47.956490027964456
2000-01-28 03:00:00.000 +0200,44.82049180838787
2000-01-28 04:00:00.000 +0200,41.70497567156431
2000-01-28 05:00:00.000 +0200,38.62226175619601
2000-01-28 06:00:00.000 +0200,35.58454048638884
2000-01-28 07:00:00.000 +0200,32.603824365285874
2000-01-28 08:00:00.000 +0200,29.69190047227659
2000-01-28 09:00:00.000 +0200,26.860283851635074
2000-01-28 10:00:00.000 +0200,24.120171976906235
2000-01-28 11:00:00.000 +0200,21.4824004711052
2000-01-28 12:00:00.000 +0200,18.95740025783764
2000-01-28 13:00:00.000 +0200,16.555156312782966
2000-01-28 14:00:00.000 +0200,14.285168178648991
2000-01-28 15:00:00.000 +0200,12.156412399750316
2000-01-28 16:00:00.000 +0200,10.177307024753553
2000-01-28 17:00:00.000 +0200,8.355678317961418
2000-01-28 18:00:00.000 +0200,6.698729810778048
2000-01-28 19:00:00.000 +0200,5.2130138157372885
2000-01-28 20:00:00.000 +0200,3.9044055157388513
2000-01-28 21:00:00.000 +0200,2.7780797309585714
2000-01-28 22:00:00.000 +0200,1.83849045530432
2000-01-28 23:00:00.000 +0200,1.0893532433395747
2000-01-29 00:00:00.000 +0200,0.5336305173253009
2000-01-29 01:00:00.000 +0200,0.1735198524831616
2000-01-29 02:00:00.000 +0200,0.0104452868036841
2000-01-29 03:00:00.000 +0200,0.0450516897659236
2000-01-29 04:00:00.000 +0200,0.2772022122361217
2000-01-29 05:00:00.000 +0200,0.705978827630177
2000-01-29 06:00:00.000 +0200,1.3296859621998558
2000-01-29 07:00:00.000 +0200,2.1458572000864096
2000-01-29 08:00:00.000 +0200,3.1512650366279926
2000-01-29 09:00:00.000 +0200,4.341933641350948
2000-01-29 10:00:00.000 +0200,5.713154580173585
2000-01-29 11:00:00.000 +0200,7.259505434653679
2000-01-29 12:00:00.000 +0200,8.974871244645716
2000-01-29 13:00:00.000 +0200,10.852468689576847
2000-01-29 14:00:00.000 +0200,12.884872912719436
2000-01-29 15:00:00.000 +0200,15.064046882381676
2000-01-29 16:00:00.000 +0200,17.38137317391039
2000-01-29 17:00:00.000 +0200,19.827688046828506
2000-01-29 18:00:00.000 +0200,22.393317682346463
2000-01-29 19:00:00.000 +0200,25.068116437950277
2000-01-29 20:00:00.000 +0200,27.84150696779372
2000-01-29 21:00:00.000 +0200,30.70252205023377
2000-01-29 22:00:00.000 +0200,33.639847957111485
2000-01-29 23:00:00.000 +0200,36.641869193273855
2000-01-30 00:00:00.000 +0200,39.6967144294155
2000-01-30 01:00:00.000 +0200,42.79230344660206
2000-01-30 02:00:00.000 +0200,45.9163949068395
2000-01-30 03:00:00.000 +0200,49.056634760776674
2000-01-30 04:00:00.000 +0200,52.20060510111897
2000-01-30 05:00:00.000 +0200,55.33587326856768
2000-01-30 06:00:00.000 +0200,58.45004101609204
2000-01-30 07:00:00.000 +0200,61.53079353712214
2000-01-30 08:00:00.000 +0200,64.56594816377735
2000-01-30 09:00:00.000 +0200,67.5435025425667
2000-01-30 10:00:00.000 +0200,70.45168209703733
2000-01-30 11:00:00.000 +0200,73.27898658969775
2000-01-30 12:00:00.000 +0200,76.01423559907903
2000-01-30 13:00:00.000 +0200,78.64661273210093
2000-01-30 14:00:00.000 +0200,81.16570839691066
2000-01-30 15:00:00.000 +0200,83.56156096704488
2000-01-30 16:00:00.000 +0200,85.82469617413906
2000-01-30 17:00:00.000 +0200,87.94616457340425
2000-01-30 18:00:00.000 +0200,89.91757693372045
2000-01-30 19:00:00.000 +0200,91.73113741239092
2000-01-30 20:00:00.000 +0200,93.37967438338003
2000-01-30 21:00:00.000 +0200,94.8566687971156
2000-01-30 22:00:00.000 +0200,96.1562799597156
2000-01-30 23:00:00.000 +0200,97.27336862969312
2000-01-31 00:00:00.000 +0200,98.20351734080744
2000-01-31 01:00:00.000 +0200,98.94304787069304
2000-01-31 02:00:00.000 +0200,99.48903578618912
2000-01-31 03:00:00.000 +0200,99.83932200785168
2000-01-31 04:00:00.000 +0200,99.99252134791504
2000-01-31 05:00:00.000 +0200,99.94802798794136
2000-01-31 06:00:00.000 +0200,99.70601787449698
2000-01-31 07:00:00.000 +0200,99.2674480233808
2000-01-31 08:00:00.000 +0200,98.63405273515804
2000-01-31 09:00:00.000 +0200,97.80833673696262
2000-01-31 10:00:00.000 +0200,96.7935652776906
2000-01-31 11:00:00.000 +0200,95.59375121575177
2000-01-31 12:00:00.000 +0200,94.21363915043904
2000-01-31 13:00:00.000 +0200,92.6586866596697
2000-01-31 14:00:00.000 +0200,90.93504271829156
2000-01-31 15:00:00.000 +0200,89.04952338229614
2000-01-31 16:00:00.000 +0200,87.0095848350971
2000-01-31 17:00:00.000 +0200,84.8232939024611
2000-01-31 18:00:00.000 +0200,82.49929615268246
2000-01-31 19:00:00.000 +0200,80.04678170815612
2000-01-31 20:00:00.000 +0200,77.4754489035404
2000-01-31 21:00:00.000 +0200,74.7954659342197
2000-01-31 22:00:00.000 +0200,72.01743064673103
2000-01-31 23:00:00.000 +0200,69.15232863015859
2000-02-01 00:00:00.000 +0200,66.21148977421889
2000-02-01 01:00:00.000 +0200,63.20654346583048
2000-02-01 02:00:00.000 +0200,60.14937260133837
2000-02-01 03:00:00.000 +0200,57.05206659624608
2000-02-01 04:00:00.000 +0200,53.92687357828338
2000-02-01 05:00:00.000 +0200,50.7861519528521
2000-02-01 06:00:00.000 +0200,47.642321532384926
2000-02-01 07:00:00.000 +0200,44.507814422875
2000-02-01 08:00:00.000 +0200,41.395025861791694
2000-02-01 09:00:00.000 +0200,38.31626520178767
2000-02-01 10:00:00.000 +0200,35.283707234036
2000-02-01 11:00:00.000 +0200,32.309344043683296
2000-02-01 12:00:00.000 +0200,29.404937587800728
2000-02-01 13:00:00.000 +0200,26.581973183367147
2000-02-01 14:00:00.000 +0200,23.85161408920988
2000-02-01 15:00:00.000 +0200,21.22465736150562
2000-02-01 16:00:00.000 +0200,18.711491157409665
2000-02-01 17:00:00.000 +0200,16.322053655656777
2000-02-01 18:00:00.000 +0200,14.065793756573248
2000-02-01 19:00:00.000 +0200,11.951633716916644
2000-02-01 20:00:00.000 +0200,9.987933867298503
2000-02-01 21:00:00.000 +0200,8.18245955171138
2000-02-01 22:00:00.000 +0200,6.542350419900123
2000-02-01 23:00:00.000 +0200,5.074092194006763
2000-02-02 00:00:00.000 +0200,3.7834910211347497
2000-02-02 01:00:00.000 +0200,2.6756505132573327
2000-02-02 02:00:00.000 +0200,1.754951565263052
2000-02-02 03:00:00.000 +0200,1.025035030944205
2000-02-02 04:00:00.000 +0200,0.4887873254400765
2000-02-02 05:00:00.000 +0200,0.1483290110655011
2000-02-02 06:00:00.000 +0200,0.0050064116625503
2000-02-02 07:00:00.000 +0200,0.059386288636537
2000-02-02 08:00:00.000 +0200,0.3112535997287724
2000-02-02 09:00:00.000 +0200,0.7596123493895324
2000-02-02 10:00:00.000 +0200,1.4026895273882678
2000-02-02 11:00:00.000 +0200,2.2379421200856617
2000-02-02 12:00:00.000 +0200,3.2620671666424075
2000-02-02 13:00:00.000 +0200,4.471014820398267
2000-02-02 14:00:00.000 +0200,5.8600043637689945
2000-02-02 15:00:00.000 +0200,7.423543113334325
2000-02-02 16:00:00.000 +0200,9.15544814035472
2000-02-02 17:00:00.000 +0200,11.048870720825338
2000-02-02 18:00:00.000 +0200,13.096323418382838
2000-02-02 19:00:00.000 +0200,15.289709692963791
2000-02-02 20:00:00.000 +0200,17.620355918130105
2000-02-02 21:00:00.000 +0200,20.079045680453333
2000-02-02 22:00:00.000 +0200,22.65605622531876
2000-02-02 23:00:00.000 +0200,25.341196905026287
2000-02-03 00:00:00.000 +0200,28.12384947715465
2000-02-03 01:00:00.000 +0200,30.993010093820217
2000-02-03 02:00:00.000 +0200,33.93733281579272
2000-02-03 03:00:00.000 +0200,36.94517447939535
2000-02-03 04:00:00.000 +0200,40.004640738759726
2000-02-03 05:00:00.000 +0200,43.10363310136713
2000-02-03 06:00:00.000 +0200,46.22989677087958
2000-02-03 07:00:00.000 +0200,49.37106910806281
2000-02-03 08:00:00.000 +0200,52.51472851816802
2000-02-03 09:00:00.000 +0200,55.64844357145356
2000-02-03 10:00:00.000 +0200,58.759822162593565
2000-02-03 11:00:00.000 +0200,61.83656051458396
2000-02-03 12:00:00.000 +0200,64.86649183335844
2000-02-03 13:00:00.000 +0200,67.83763442071161
2000-02-03 14:00:00.000 +0200,70.73823905527024
2000-02-03 15:00:00.000 +0200,73.55683545415064
2000-02-03 16:00:00.000 +0200,76.28227763156596
2000-02-03 17:00:00.000 +0200,78.90378797501835
2000-02-03 18:00:00.000 +0200,81.41099986478181
2000-02-03 19:00:00.000 +0200,83.79399866813382
2000-02-03 20:00:00.000 +0200,86.04336094622927
2000-02-03 21:00:00.000 +0200,88.1501917185763
2000-02-03 22:00:00.000 +0200,90.10615963775224
2000-02-03 23:00:00.000 +0200,91.9035299352613
2000-02-04 00:00:00.000 +0200,93.53519500825628
2000-02-04 01:00:00.000 +0200,94.9947025261659
2000-02-04 02:00:00.000 +0200,96.27628094608384
2000-02-04 03:00:00.000 +0200,97.3748623360214
2000-02-04 04:00:00.000 +0200,98.28610241576772
2000-02-04 05:00:00.000 +0200,99.00639773610878
2000-02-04 06:00:00.000 +0200,99.53289992847152
2000-02-04 07:00:00.000 +0200,99.86352696864164
2000-02-04 08:00:00.000 +0200,99.9969714100147
2000-02-04 09:00:00.000 +0200,99.93270555382284
2000-02-04 10:00:00.000 +0200,99.67098353589051
2000-02-04 11:00:00.000 +0200,99.21284032166844
2000-02-04 12:00:00.000 +0200,98.56008761351887
2000-02-04 13:00:00.000 +0200,97.71530668643746
2000-02-04 14:00:00.000 +0200,96.6818381805424
2000-02-04 15:00:00.000 +0200,95.46376889069457
2000-02-04 16:00:00.000 +0200,94.06591560549042
2000-02-04 17:00:00.000 +0200,92.49380605953448
2000-02-04 18:00:00.000 +0200,90.75365707431318
2000-02-04 19:00:00.000 +0200,88.85234997411435
2000-02-04 20:00:00.000 +0200,86.7974033742052
2000-02-04 21:00:00.000 +0200,84.59694344887745
2000-02-04 22:00:00.000 +0200,82.25967179693465
2000-02-04 23:00:00.000 +0200,79.794831031695
2000-02-05 00:00:00.000 +0200,77.2121682315792
2000-02-05 01:00:00.000 +0200,74.5218963958211
2000-02-05 02:00:00.000 +0200,71.73465405772
2000-02-05 03:00:00.000 +0200,68.86146321513885
2000-02-05 04:00:00.000 +0200,65.9136857446156
2000-02-05 05:00:00.000 +0200,62.902978471442495
2000-02-05 06:00:00.000 +0200,59.8412470733854
2000-02-05 07:00:00.000 +0200,56.74059900032913
2000-02-05 08:00:00.000 +0200,53.61329559602942
2000-02-05 09:00:00.000 +0200,50.47170361129506
2000-02-05 10:00:00.000 +0200,47.328246300347146
2000-02-05 11:00:00.000 +0200,44.19535429373866
2000-02-05 12:00:00.000 +0200,41.08541644210152
2000-02-05 13:00:00.000 +0200,38.01073082511331
2000-02-05 14:00:00.000 +0200,34.98345611941273
2000-02-05 15:00:00.000 +0200,32.01556351777361
2000-02-05 16:00:00.000 +0200,29.118789389676525
2000-02-05 17:00:00.000 +0200,26.30458887047785
2000-02-05 18:00:00.000 +0200,23.58409056269757
2000-02-05 19:00:00.000 +0200,20.968052528569693
2000-02-05 20:00:00.000 +0200,18.466819747872226
2000-02-05 21:00:00.000 +0200,16.09028320926687
2000-02-05 22:00:00.000 +0200,13.84784079692457
2000-02-05 23:00:00.000 +0200,11.748360127105627
2000-02-06 00:00:00.000 +0200,9.800143481653178
2000-02-06 01:00:00.000 +0200,8.010894977073097
2000-02-06 02:00:00.000 +0200,6.387690099025839
2000-02-06 03:00:00.000 +0200,4.936947722702811
2000-02-06 04:00:00.000 +0200,3.664404729735715
2000-02-06 05:00:00.000 +0200,2.575093322010252
2000-02-06 06:00:00.000 +0200,1.673321122097976
2000-02-06 07:00:00.000 +0200,0.9626541389980092
2000-02-06 08:00:00.000 +0200,0.4459026665490417
2000-02-06 09:00:00.000 +0200,0.1251101702750334
2000-02-06 10:00:00.000 +0200,0.001545206612652
2000-02-06 11:00:00.000 +0200,0.075696406473863
2000-02-06 12:00:00.000 +0200,0.3472705429815759
2000-02-06 13:00:00.000 +0200,0.8151936910195223
2000-02-06 14:00:00.000 +0200,1.4776154740101466
2000-02-06 15:00:00.000 +0200,2.33191638112849
2000-02-06 16:00:00.000 +0200,3.374718126014659
2000-02-06 17:00:00.000 +0200,4.601897006022665
2000-02-06 18:00:00.000 +0200,6.008600209178427
2000-02-06 19:00:00.000 +0200,7.589265004359868
2000-02-06 20:00:00.000 +0200,9.337640738813246
2000-02-06 21:00:00.000 +0200,11.246813556019704
2000-02-06 22:00:00.000 +0200,13.309233736163527
2000-02-06 23:00:00.000 +0200,15.516745551086702
2000-02-07 00:00:00.000 +0200,17.860619515672983
2000-02-07 01:00:00.000 +0200,20.331586908119093
2000-02-07 02:00:00.000 +0200,22.919876422590484
2000-02-07 03:00:00.000 +0200,25.61525280931813
2000-02-07 04:00:00.000 +0200,28.40705734933516
2000-02-07 05:00:00.000 +0200,31.284250003798945
2000-02-07 06:00:00.000 +0200,34.23545307122462
2000-02-07 07:00:00.000 +0200,37.24899617998442
2000-02-07 08:00:00.000 +0200,40.31296243815491
2000-02-07 09:00:00.000 +0200,43.41523555821846
2000-02-07 10:00:00.000 +0200,46.543547770260616
2000-02-07 11:00:00.000 +0200,49.68552833419666
2000-02-07 12:00:00.000 +0200,52.82875245918951
2000-02-07 13:00:00.000 +0200,55.96079043680877
2000-02-07 14:00:00.000 +0200,59.069256793632505
2000-02-07 15:00:00.000 +0200,62.14185926892917
2000-02-07 16:00:00.000 +0200,65.16644742373133
2000-02-07 17:00:00.000 +0200,68.13106068908321
2000-02-07 18:00:00.000 +0200,71.02397566346045
2000-02-07 19:00:00.000 +0200,73.8337524723213
2000-02-07 20:00:00.000 +0200,76.5492800064658
2000-02-07 21:00:00.000 +0200,79.15981986031333
2000-02-07 22:00:00.000 +0200,81.65504879634119
2000-02-07 23:00:00.000 +0200,84.02509956776262
2000-02-08 00:00:00.000 +0200,86.26059993801978
2000-02-08 01:00:00.000 +0200,88.35270974277998
2000-02-08 02:00:00.000 +0200,90.2931558478834
2000-02-08 03:00:00.000 +0200,92.0742648650024
2000-02-08 04:00:00.000 +0200,93.6889934956364
2000-02-08 05:00:00.000 +0200,95.13095638345162
2000-02-08 06:00:00.000 +0200,96.39445136482534
2000-02-08 07:00:00.000 +0200,97.47448201774064
2000-02-08 08:00:00.000 +0200,98.36677741986443
2000-02-08 09:00:00.000 +0200,99.06780903767796
2000-02-08 10:00:00.000 +0200,99.57480467986926
2000-02-08 11:00:00.000 +0200,99.88575945981307
2000-02-08 12:00:00.000 +0200,99.9994437237857
2000-02-08 13:00:00.000 +0200,99.9154079135634
2000-02-08 14:00:00.000 +0200,99.633984344176
2000-02-08 15:00:00.000 +0200,99.15628588978528
2000-02-08 16:00:00.000 +0200,98.4842015828844
2000-02-08 17:00:00.000 +0200,97.62038914422264
2000-02-08 18:00:00.000 +0200,96.56826447299284
2000-02-08 19:00:00.000 +0200,95.33198813884452
2000-02-08 20:00:00.000 +0200,93.9164489291384
2000-02-08 21:00:00.000 +0200,92.32724451650309
2000-02-08 22:00:00.000 +0200,90.57065932314325
2000-02-08 23:00:00.000 +0200,88.65363966943593
2000-02-09 00:00:00.000 +0200,86.58376630508407
2000-02-09 01:00:00.000 +0200,84.3692244314555
2000-02-09 02:00:00.000 +0200,82.01877133365142
2000-02-09 03:00:00.000 +0200,79.54170175029815
2000-02-09 04:00:00.000 +0200,76.9478111180109
2000-02-09 05:00:00.000 +0200,74.2473568358746
2000-02-09 06:00:00.000 +0200,71.45101770311668
2000-02-09 07:00:00.000 +0200,68.56985169037826
2000-02-09 08:00:00.000 +0200,65.61525221157447
2000-02-09 09:00:00.000 +0200,62.5989030692564
2000-02-09 10:00:00.000 +0200,59.532732251653165
2000-02-09 11:00:00.000 +0200,56.428864764093525
2000-02-09 12:00:00.000 +0200,53.29957468133127
2000-02-09 13:00:00.000 +0200,50.15723661038686
2000-02-09 14:00:00.000 +0200,47.014276755839695
2000-02-09 15:00:00.000 +0200,43.88312378107748
2000-02-09 16:00:00.000 +0200,40.77615965982552
2000-02-09 17:00:00.000 +0200,37.70567071230776
2000-02-09 18:00:00.000 +0200,34.6837990196609
2000-02-09 19:00:00.000 +0200,31.72249440873893
2000-02-09 20:00:00.000 +0200,28.833467197173302
2000-02-09 21:00:00.000 +0200,26.028141885559677
2000-02-09 22:00:00.000 +0200,23.317611979893865
2000-02-09 23:00:00.000 +0200,20.71259612290814
2000-02-10 00:00:00.000 +0200,18.223395707781016
2000-02-10 01:00:00.000 +0200,15.859854141840602
2000-02-10 02:00:00.000 +0200,13.631317921347714
2000-02-10 03:00:00.000 +0200,11.546599671284396
2000-02-10 04:00:00.000 +0200,9.613943296309756
2000-02-10 05:00:00.000 +0200,7.840991380688861
2000-02-10 06:00:00.000 +0200,6.234754966109407
2000-02-10 07:00:00.000 +0200,4.801585826899163
2000-02-10 08:00:00.000 +0200,3.5471513522818854
2000-02-10 09:00:00.000 +0200,2.476412134994482
2000-02-10 10:00:00.000 +0200,1.5936023548940526
2000-02-10 11:00:00.000 +0200,0.9022130351246992
2000-02-10 12:00:00.000 +0200,0.4049782370562027
2000-02-10 13:00:00.000 +0200,0.1038642485878427
2000-02-10 14:00:00.000 +0200,6.180857013426966e-05
2000-02-10 15:00:00.000 +0200,0.0939813980926795
2000-02-10 16:00:00.000 +0200,0.3852516172593412
2000-02-10 17:00:00.000 +0200,0.8727206538686083
2000-02-10 18:00:00.000 +0200,1.554460838192473
2000-02-10 19:00:00.000 +0200,2.427776265841181
2000-02-10 20:00:00.000 +0200,3.489213458569751
2000-02-10 21:00:00.000 +0200,4.734575020870069
2000-02-10 22:00:00.000 +0200,6.158936238342305
2000-02-10 23:00:00.000 +0200,7.756664552209003
2000-02-11 00:00:00.000 +0200,9.521441832962596
2000-02-11 01:00:00.000 +0200,11.446289365063668
2000-02-11 02:00:00.000 +0200,13.52359544389062
2000-02-11 03:00:00.000 +0200,15.74514547581089
2000-02-11 04:00:00.000 +0200,18.1021544623445
2000-02-11 05:00:00.000 +0200,20.58530173995972
2000-02-11 06:00:00.000 +0200,23.18476783813072
2000-02-11 07:00:00.000 +0200,25.890273309897637
2000-02-11 08:00:00.000 +0200,28.691119381378115
2000-02-11 09:00:00.000 +0200,31.57623025948724
2000-02-11 10:00:00.000 +0200,34.53419693055648
2000-02-11 11:00:00.000 +0200,37.5533222766552
2000-02-11 12:00:00.000 +0200,40.62166733120777
2000-02-11 13:00:00.000 +0200,43.72709849098537
2000-02-11 14:00:00.000 +0200,46.857335497775935
2000-02-11 15:00:00.000 +0200,49.99999999999988
